方案,D_plus,D_minus,贴近度,排名
E,0.0,0.17166607781946913,0.9999999999941747,1
D,0.05959600342275611,0.13042928443749713,0.6863785652188036,2
C,0.11504937101888772,0.06377886171253587,0.35664872787713925,3
B,0.148207599468722,0.026712548654808155,0.15271281748395732,4
A,0.16705714345905742,0.02327578064023411,0.12228982846903291,5
