方案,baseline,gra_topsis,排名
E,0.9999999999983673,0.999999999998072,1
D,0.7276163739527892,0.668233376185345,2
C,0.2731242905568708,0.2676264380045806,3
B,0.09150329531173412,0.07479378428904118,4
A,0.0026068684264095726,0.0010991720456874654,5
