state,probability
high,0.6666666666666666
low,0.0
medium,0.3333333333333333
