model,rmse,final_value
logistic_rk45,19.931707380987024,358.61282702851196
