original_lambda_max,original_CI,original_CR,fixed
3.003694598032272,0.0018472990161360059,0.003184998303682769,False
