model,threshold,accuracy,f1,auc,tn_fp_fn_tp
improved,0.54,0.9583333333333334,0.9354838709677419,0.971712158808933,"[63, 2, 2, 29]"
