model,accuracy,f1,auc,tn_fp_fn_tp
baseline,0.9479166666666666,0.9122807017543859,0.9712158808933002,"[65, 0, 5, 26]"
