x1,x2,objective,success
0.999995474774316,0.9999909392026308,2.0488413879144732e-11,True
