method,sample_size,estimate
qmc_pi,8192,3.142578125
qmc_integral,8192,0.7468241331067813
