method,stability_r,final_max_u
crank_nicolson,0.031999999999999994,0.9575245283513134
