model,inertia,silhouette
KMeans++,0.07739159638309476,0.9404164972490591
BisectingKMeans,0.07739159638309476,0.9404164972490591
MiniBatchKMeans,0.07884792235850374,0.9404164972490591
