,high,low,medium
high,0.6666666666666666,0.0,0.3333333333333333
low,0.07317073170731707,0.6585365853658537,0.2682926829268293
medium,0.08771929824561403,0.22807017543859648,0.6842105263157895
