,high,low,medium
high,0.625,0.041666666666666664,0.3333333333333333
low,0.09090909090909091,0.6363636363636364,0.2727272727272727
medium,0.1,0.23333333333333334,0.6666666666666666
