state,stationary_probability
high,0.20430107526881724
low,0.3252688172043012
medium,0.47043010752688164
