indicator,weight
cost,0.24321541423218174
benefit1,0.2713158225335094
benefit2,0.27350300629873203
risk,0.2119657569355768
