scheme,score,rank
C,1.0,1
F,0.697373687451387,2
E,0.657771179025149,3
B,0.42465120235934667,4
A,0.3900465063520871,5
D,0.0,6
