scheme,score,rank
C,1.0,1
F,0.6974857858507701,2
E,0.6520385881013498,3
B,0.4203511701849895,4
A,0.37927182306141716,5
D,0.0,6
