method,x1,x2,f1,f2,score
baseline_weighted_ga,0.4998251006707728,0.5001320267231789,0.4999571754147827,0.5000429206268793,0.500000048020831
