weight,asset
0.20676688332316231,1
0.2929708208705962,2
0.200408571552042,3
0.2998537242541994,4
