metric,value
MAE,1.7437521403613683
RMSE,1.8926863319525176
MAPE,1.0985604708538652
LB_pvalue_lag6,0.9970132493470365
LB_pvalue_lag12,0.5279837427434797
