feature,mean,median,std,mad,iqr,missing_imputed,outlier_rate_iqr
feature_a,60.35304516593355,59.75509741938216,7.994965848546019,4.7507191927643575,9.938066943878425,0,0.05
feature_b,8.88081960570539,8.18418698530789,4.679193790157976,3.0317333372892286,5.972464422977973,1,0.058333333333333334
feature_c,29.85462660960494,27.82495202933268,10.455273459230948,6.958347509594706,13.767238548295893,1,0.05
