,count,mean,std,min,25%,50%,75%,max,missing_count,skew,kurtosis
feature_a,120.0,60.5666475595521,8.962833929498805,39.04203916728204,55.42499744471655,59.75509741938216,65.36306438859498,84.5803592968255,0,0.428736366954716,0.27725796283009796
feature_b,119.0,9.239667678310681,6.297996596020414,0.6068296207551231,4.933496470553458,8.18418698530789,10.910882195416129,49.19612783959186,1,2.8340037110822194,13.561039971039149
feature_c,119.0,30.51669699238933,12.657109253215806,12.892380739106814,21.238064304905777,27.82495202933268,35.31101617723364,81.1003216845192,1,1.447293095290763,2.861850069783046
