method,a,b,c,rmse
baseline,4.017889647138217,-0.8233717832163322,0.7179129219991419,0.08362942321982292
