method,a,b,c,rmse,cost,nfev
improved,4.0179222873461775,-0.8233381000620874,0.717856039820051,0.0836294268028341,0.20887516913081194,6
